name,website,district,state,region_category,party,committee
"Adams, Alma",https://adams.house.gov,12th,North Carolina,State,D,Agriculture|Education and Workforce
"Aderholt, Robert",https://aderholt.house.gov/,4th,Alabama,State,R,Appropriations
"Aguilar, Pete",https://aguilar.house.gov/,33rd,California,State,D,Appropriations
"Alford, Mark",https://alford.house.gov,4th,Missouri,State,R,Appropriations|Small Business
"Allen, Rick",https://allen.house.gov,12th,Georgia,State,R,Education and Workforce|Energy and Commerce
"Amo, Gabe",https://amo.house.gov,1st,Rhode Island,State,D,"Budget|Foreign Affairs|Science, Space, and Technology"
"Amodei, Mark",https://amodei.house.gov,2nd,Nevada,State,R,Appropriations|Natural Resources
"Ansari, Yassamin",https://ansari.house.gov/,3rd,Arizona,State,D,Oversight and Government Reform|Natural Resources
"Arrington, Jodey",https://arrington.house.gov,19th,Texas,State,R,Budget|Ways and Means
"Auchincloss, Jake",https://auchincloss.house.gov,4th,Massachusetts,State,D,Energy and Commerce
"Babin, Brian",https://babin.house.gov,36th,Texas,State,R,"Transportation and Infrastructure|Science, Space, and Technology"
"Bacon, Don",https://bacon.house.gov,2nd,Nebraska,State,R,Agriculture|Armed Services
"Baird, James",https://baird.house.gov/,4th,Indiana,State,R,"Agriculture|Foreign Affairs|Science, Space, and Technology"
"Balderson, Troy",https://balderson.house.gov,12th,Ohio,State,R,Energy and Commerce
"Balint, Becca",https://balint.house.gov,At-large,Vermont At Large,Unknown,D,Budget|Judiciary
"Barr, Andy",https://barr.house.gov/,6th,Kentucky,State,R,Financial Services|Foreign Affairs|Select Comm on the Strategic Competition US and China
"Barragan, Nanette",https://barragan.house.gov,44th,California,State,D,Energy and Commerce
"Barrett, Tom",https://barrett.house.gov/,7th,Michigan,State,R,Transportation and Infrastructure|Veterans' Affairs
"Baumgartner, Michael",https://baumgartner.house.gov/,5th,Washington,State,R,Education and Workforce|Foreign Affairs|Judiciary
"Bean, Aaron",https://bean.house.gov,4th,Florida,State,R,Ways and Means
"Beatty, Joyce",https://beatty.house.gov,3rd,Ohio,State,D,Financial Services
"Begich, Nicholas",https://begich.house.gov/,At-large,Alaska At Large,Unknown,R,"Natural Resources|Transportation and Infrastructure|Science, Space, and Technology"
"Bell, Wesley",https://bell.house.gov/,1st,Missouri,State,D,Armed Services|Oversight and Government Reform
"Bentz, Cliff",https://bentz.house.gov,2nd,Oregon,State,R,Energy and Commerce|Natural Resources
"Bera, Ami",https://bera.house.gov,6th,California,State,D,Foreign Affairs|Intelligence
"Bergman, Jack",https://bergman.house.gov,1st,Michigan,State,R,Armed Services|Budget|Veterans' Affairs
"Beyer, Donald",https://beyer.house.gov,8th,Virginia,State,D,"Science, Space, and Technology|Ways and Means"
"Bice, Stephanie",https://bice.house.gov,5th,Oklahoma,State,R,Appropriations|House Administration
"Biggs, Andy",https://biggs.house.gov,5th,Arizona,State,R,Oversight and Government Reform|Judiciary
"Biggs, Sheri",https://sheribiggs.house.gov/,3rd,South Carolina,State,R,"Foreign Affairs|Homeland Security|Science, Space, and Technology"
"Bilirakis, Gus",https://bilirakis.house.gov/,12th,Florida,State,R,Energy and Commerce|Select Comm on the Strategic Competition US and China
"Bishop, Sanford",https://bishop.house.gov/,2nd,Georgia,State,D,Appropriations
"Boebert, Lauren",https://boebert.house.gov,4th,Colorado,State,R,Oversight and Government Reform|Natural Resources
"Bonamici, Suzanne",https://bonamici.house.gov,1st,Oregon,State,D,"Education and Workforce|Science, Space, and Technology"
"Bost, Mike",https://bost.house.gov/,12th,Illinois,State,R,Agriculture|Transportation and Infrastructure|Veterans' Affairs
"Boyle, Brendan",https://boyle.house.gov/,2nd,Pennsylvania,State,D,Budget|Ways and Means
"Brecheen, Josh",https://brecheen.house.gov,2nd,Oklahoma,State,R,Budget|Homeland Security
"Bresnahan, Robert",https://bresnahan.house.gov/,8th,Pennsylvania,State,R,Agriculture|Transportation and Infrastructure|Small Business
"Brown, Shontel",https://shontelbrown.house.gov,11th,Ohio,State,D,Agriculture|Oversight and Government Reform|Select Comm on the Strategic Competition US and China
"Brownley, Julia",https://juliabrownley.house.gov,26th,California,State,D,Natural Resources|Transportation and Infrastructure|Veterans' Affairs
"Buchanan, Vern",https://buchanan.house.gov/,16th,Florida,State,R,Joint Committee on Taxation|Ways and Means
"Budzinski, Nikki",https://budzinski.house.gov,13th,Illinois,State,D,Agriculture|Veterans' Affairs
"Burchett, Tim",https://burchett.house.gov,2nd,Tennessee,State,R,Foreign Affairs|Oversight and Government Reform|Transportation and Infrastructure
"Burlison, Eric",https://burlison.house.gov,7th,Missouri,State,R,Oversight and Government Reform|Transportation and Infrastructure
"Bynum, Janelle",https://bynum.house.gov/,5th,Oregon,State,D,Financial Services
"Calvert, Ken",https://calvert.house.gov/,41st,California,State,R,Appropriations
"Cammack, Kat",https://cammack.house.gov,3rd,Florida,State,R,Agriculture|Energy and Commerce
"Carbajal, Salud",https://carbajal.house.gov,24th,California,State,D,Agriculture|Armed Services|Transportation and Infrastructure
"Carey, Mike",https://carey.house.gov,15th,Ohio,State,R,Budget|House Administration|Joint Committee of Congress on the Library|Ways and Means
"Carson, Andre",https://carson.house.gov/,7th,Indiana,State,D,Intelligence|Transportation and Infrastructure|Select Comm on the Strategic Competition US and China
"Carter, Earl",https://buddycarter.house.gov/,1st,Georgia,State,R,Budget|Energy and Commerce
"Carter, John",https://carter.house.gov/,31st,Texas,State,R,Appropriations
"Carter, Troy",https://troycarter.house.gov,2nd,Louisiana,State,D,Homeland Security|Energy and Commerce
"Casar, Greg",https://casar.house.gov,35th,Texas,State,D,Education and Workforce|Oversight and Government Reform
"Case, Ed",https://case.house.gov/,1st,Hawaii,State,D,Appropriations
"Casten, Sean",https://casten.house.gov,6th,Illinois,State,D,Financial Services
"Castor, Kathy",https://castor.house.gov/,14th,Florida,State,D,Energy and Commerce|Select Comm on the Strategic Competition US and China
"Castro, Joaquin",https://castro.house.gov,20th,Texas,State,D,Foreign Affairs|Intelligence
"Cherfilus-McCormick, Sheila",https://cherfilus-mccormick.house.gov/,20th,Florida,State,D,Foreign Affairs|Veterans' Affairs
"Chu, Judy",https://chu.house.gov/,28th,California,State,D,Budget|Ways and Means
"Ciscomani, Juan",https://ciscomani.house.gov,6th,Arizona,State,R,Appropriations|Veterans' Affairs
"Cisneros, Gilbert",https://cisneros.house.gov/,31st,California,State,D,Armed Services|Small Business
"Clark, Katherine",https://katherineclark.house.gov/index.cfm/home,5th,Massachusetts,State,D,
"Clarke, Yvette",https://clarke.house.gov/,9th,New York,State,D,Energy and Commerce
"Cleaver, Emanuel",https://cleaver.house.gov,5th,Missouri,State,D,Financial Services
"Cline, Ben",https://cline.house.gov,6th,Virginia,State,R,Appropriations|Budget|Intelligence|Judiciary
"Cloud, Michael",https://cloud.house.gov,27th,Texas,State,R,Appropriations|Oversight and Government Reform
"Clyburn, James",https://clyburn.house.gov/,6th,South Carolina,State,D,Appropriations
"Clyde, Andrew",https://clyde.house.gov,9th,Georgia,State,R,Appropriations|Budget
"Cohen, Steve",https://cohen.house.gov/,9th,Tennessee,State,D,Intelligence|Judiciary
"Cole, Tom",https://cole.house.gov,4th,Oklahoma,State,R,Appropriations
"Collins, Mike",https://collins.house.gov,10th,Georgia,State,R,"Natural Resources|Transportation and Infrastructure|Science, Space, and Technology"
"Comer, James",https://comer.house.gov/,1st,Kentucky,State,R,Education and Workforce|Oversight and Government Reform
"Conaway, Herbert",https://conaway.house.gov/,3rd,New Jersey,State,D,Armed Services|Small Business|Veterans' Affairs
"Correa, J.",https://correa.house.gov,46th,California,State,D,Homeland Security|Judiciary
"Costa, Jim",https://costa.house.gov/,21st,California,State,D,Agriculture|Foreign Affairs
"Courtney, Joe",https://courtney.house.gov/,2nd,Connecticut,State,D,Armed Services|Education and Workforce
"Craig, Angie",https://craig.house.gov,2nd,Minnesota,State,D,Agriculture
"Crane, Elijah",https://crane.house.gov,2nd,Arizona,State,R,Oversight and Government Reform|Homeland Security
"Crank, Jeff",https://crank.house.gov/,5th,Colorado,State,R,Armed Services|Natural Resources
"Crawford, Eric",https://crawford.house.gov/,1st,Arkansas,State,R,Agriculture|Intelligence|Transportation and Infrastructure
"Crenshaw, Dan",https://crenshaw.house.gov/,2nd,Texas,State,R,Energy and Commerce|Intelligence
"Crockett, Jasmine",https://crockett.house.gov,30th,Texas,State,D,"Oversight and Government Reform|Judiciary|Select Subcomm to Investigate Questions about Jan 6, 2021"
"Crow, Jason",https://crow.house.gov/,6th,Colorado,State,D,Armed Services|Intelligence
"Cuellar, Henry",https://cuellar.house.gov/,28th,Texas,State,D,Appropriations
"Davids, Sharice",https://davids.house.gov/,3rd,Kansas,State,D,Agriculture|Transportation and Infrastructure
"Davidson, Warren",https://davidson.house.gov/,8th,Ohio,State,R,Financial Services|Foreign Affairs
"Davis, Danny",https://davis.house.gov,7th,Illinois,State,D,Ways and Means
"Davis, Donald",https://dondavis.house.gov,1st,North Carolina,State,D,Agriculture|Armed Services
"Dean, Madeleine",https://dean.house.gov,4th,Pennsylvania,State,D,Appropriations|Foreign Affairs
"DeGette, Diana",https://degette.house.gov,1st,Colorado,State,D,Energy and Commerce
"De La Cruz, Monica",https://delacruz.house.gov,15th,Texas,State,R,Agriculture|Financial Services
"DeLauro, Rosa",https://delauro.house.gov/,3rd,Connecticut,State,D,Appropriations
"DelBene, Suzan",https://delbene.house.gov,1st,Washington,State,D,Ways and Means
"Deluzio, Christopher",https://deluzio.house.gov,17th,Pennsylvania,State,D,Armed Services|Transportation and Infrastructure
"DeSaulnier, Mark",https://desaulnier.house.gov/,10th,California,State,D,Education and Workforce|Transportation and Infrastructure|Ethics
"DesJarlais, Scott",https://desjarlais.house.gov/,4th,Tennessee,State,R,Agriculture|Armed Services
"Dexter, Maxine",https://dexter.house.gov/,3rd,Oregon,State,D,Natural Resources|Veterans' Affairs
"Diaz-Balart, Mario",https://mariodiazbalart.house.gov/,26th,Florida,State,R,Appropriations
"Dingell, Debbie",https://debbiedingell.house.gov/,6th,Michigan,State,D,Energy and Commerce|Natural Resources
"Doggett, Lloyd",https://doggett.house.gov,37th,Texas,State,D,Budget|Joint Committee on Taxation|Ways and Means
"Donalds, Byron",https://donalds.house.gov,19th,Florida,State,R,Financial Services|Oversight and Government Reform
"Downing, Troy",https://downing.house.gov/,2nd,Montana,State,R,Financial Services|Small Business
"Dunn, Neal",https://dunn.house.gov,2nd,Florida,State,R,Energy and Commerce|Select Comm on the Strategic Competition US and China
"Edwards, Chuck",https://edwards.house.gov,11th,North Carolina,State,R,Appropriations|Budget
"Elfreth, Sarah",https://elfreth.house.gov/,3rd,Maryland,State,D,Armed Services|Natural Resources
"Ellzey, Jake",https://ellzey.house.gov/,6th,Texas,State,R,Appropriations|Small Business
"Emmer, Tom",https://emmer.house.gov/,6th,Minnesota,State,R,Financial Services
"Escobar, Veronica",https://escobar.house.gov,16th,Texas,State,D,Appropriations|Budget
"Espaillat, Adriano",https://espaillat.house.gov,13th,New York,State,D,Appropriations
"Estes, Ron",https://estes.house.gov/,4th,Kansas,State,R,Budget|Ways and Means
"Evans, Dwight",https://evans.house.gov/,3rd,Pennsylvania,State,D,Ways and Means
"Evans, Gabe",https://gabeevans.house.gov/,8th,Colorado,State,R,Homeland Security|Energy and Commerce
"Ezell, Mike",https://ezell.house.gov,4th,Mississippi,State,R,Natural Resources|Transportation and Infrastructure
"Fallon, Pat",https://fallon.house.gov,4th,Texas,State,R,Armed Services|Oversight and Government Reform|Intelligence
"Fedorchak, Julie",https://fedorchak.house.gov/,At-large,North Dakota At Large,Unknown,R,Energy and Commerce
"Feenstra, Randy",https://feenstra.house.gov,4th,Iowa,State,R,Agriculture|Ways and Means
"Fields, Cleo",https://fields.house.gov/,6th,Louisiana,State,D,Financial Services
"Figures, Shomari",https://figures.house.gov/,2nd,Alabama,State,D,Agriculture|Transportation and Infrastructure
"Fine, Randy",https://fine.house.gov/,6th,Florida,State,R,Education and Workforce|Foreign Affairs
"Finstad, Brad",https://finstad.house.gov/,1st,Minnesota,State,R,Agriculture|Armed Services|Small Business
"Fischbach, Michelle",https://fischbach.house.gov,7th,Minnesota,State,R,Rules|Ways and Means
"Fitzgerald, Scott",https://fitzgerald.house.gov,5th,Wisconsin,State,R,Financial Services|Judiciary
"Fitzpatrick, Brian",https://fitzpatrick.house.gov/,1st,Pennsylvania,State,R,Intelligence|Ways and Means
"Fleischmann, Charles",https://fleischmann.house.gov/,3rd,Tennessee,State,R,"Appropriations|Science, Space, and Technology"
"Fletcher, Lizzie",https://fletcher.house.gov,7th,Texas,State,D,Energy and Commerce
"Flood, Mike",https://flood.house.gov/,1st,Nebraska,State,R,Financial Services
"Fong, Vince",https://fong.house.gov/,20th,California,State,R,"Homeland Security|Transportation and Infrastructure|Science, Space, and Technology"
"Foster, Bill",https://foster.house.gov,11th,Illinois,State,D,"Financial Services|Science, Space, and Technology"
"Foushee, Valerie",https://foushee.house.gov,4th,North Carolina,State,D,"Transportation and Infrastructure|Science, Space, and Technology"
"Foxx, Virginia",https://foxx.house.gov/,5th,North Carolina,State,R,Education and Workforce|Oversight and Government Reform|Rules
"Frankel, Lois",https://frankel.house.gov,22nd,Florida,State,D,Appropriations
"Franklin, Scott",https://franklin.house.gov,18th,Florida,State,R,"Appropriations|Science, Space, and Technology"
"Friedman, Laura",https://friedman.house.gov/,30th,California,State,D,"Transportation and Infrastructure|Science, Space, and Technology"
"Frost, Maxwell",https://frost.house.gov,10th,Florida,State,D,Oversight and Government Reform|Transportation and Infrastructure
"Fry, Russell",https://fry.house.gov,7th,South Carolina,State,R,Energy and Commerce|Judiciary
"Fulcher, Russ",https://fulcher.house.gov/,1st,Idaho,State,R,Energy and Commerce|Natural Resources
"Garamendi, John",https://garamendi.house.gov/,8th,California,State,D,Armed Services|Transportation and Infrastructure
"Garbarino, Andrew",https://garbarino.house.gov,2nd,New York,State,R,Financial Services|Homeland Security|Ethics
"Garcia, Jesus",https://chuygarcia.house.gov/,4th,Illinois,State,D,Judiciary|Transportation and Infrastructure
"Garcia, Robert",https://robertgarcia.house.gov,42nd,California,State,D,Oversight and Government Reform|Transportation and Infrastructure
"Garcia, Sylvia",https://sylviagarcia.house.gov/,29th,Texas,State,D,Financial Services|Ethics
"Gill, Brandon",https://gill.house.gov/,26th,Texas,State,R,Budget|Oversight and Government Reform|Judiciary
"Gillen, Laura",https://gillen.house.gov/,4th,New York,State,D,"Transportation and Infrastructure|Science, Space, and Technology"
"Gimenez, Carlos",https://gimenez.house.gov,28th,Florida,State,R,Armed Services|Homeland Security|Select Comm on the Strategic Competition US and China
"Golden, Jared",https://golden.house.gov,2nd,Maine,State,D,Armed Services|Natural Resources
"Goldman, Craig",https://craiggoldman.house.gov/,12th,Texas,State,R,Energy and Commerce
"Goldman, Daniel",https://goldman.house.gov,10th,New York,State,D,Homeland Security|Judiciary
"Gomez, Jimmy",https://gomez.house.gov/,34th,California,State,D,Intelligence|Ways and Means
"Gonzales, Tony",https://gonzales.house.gov,23rd,Texas,State,R,Appropriations|Homeland Security
"Gonzalez, Vicente",https://gonzalez.house.gov,34th,Texas,State,D,Financial Services
"Gooden, Lance",https://gooden.house.gov,5th,Texas,State,R,Armed Services|Judiciary
"Goodlander, Maggie",https://goodlander.house.gov/,2nd,New Hampshire,State,D,Armed Services|Small Business
"Gosar, Paul",https://gosar.house.gov/,9th,Arizona,State,R,Oversight and Government Reform|Natural Resources
"Gottheimer, Josh",https://gottheimer.house.gov,5th,New Jersey,State,D,Financial Services|Intelligence
"Graves, Sam",https://graves.house.gov/,6th,Missouri,State,R,Armed Services|Transportation and Infrastructure
"Gray, Adam",https://gray.house.gov/,13th,California,State,D,Agriculture|Natural Resources
"Green, Al",https://algreen.house.gov,9th,Texas,State,D,Financial Services|Homeland Security
"Greene, Marjorie Taylor",https://clerk.house.gov/members/GA14/vacancy,14th,Georgia,State,,
"Griffith, H.",https://morgangriffith.house.gov/,9th,Virginia,State,R,"House Administration|Energy and Commerce|Select Subcomm to Investigate Questions about Jan 6, 2021|Rules"
"Grijalva, Adelita",https://grijalva.house.gov/,7th,Arizona,State,D,Education and Workforce|Natural Resources
"Grothman, Glenn",https://grothman.house.gov,6th,Wisconsin,State,R,Budget|Education and Workforce|Oversight and Government Reform|Judiciary
"Guest, Michael",https://guest.house.gov,3rd,Mississippi,State,R,Appropriations|Homeland Security|Ethics
"Guthrie, Brett",https://guthrie.house.gov/,2nd,Kentucky,State,R,Energy and Commerce
"Hageman, Harriet",https://hageman.house.gov,At-large,Wyoming At Large,Unknown,R,"Natural Resources|Judiciary|Select Subcomm to Investigate Questions about Jan 6, 2021"
"Hamadeh, Abraham",https://hamadeh.house.gov/,8th,Arizona,State,R,Armed Services|Veterans' Affairs
"Harder, Josh",https://harder.house.gov/,9th,California,State,D,Appropriations
"Haridopolos, Mike",https://haridopolos.house.gov/,8th,Florida,State,R,"Financial Services|Science, Space, and Technology"
"Harrigan, Pat",https://harrigan.house.gov/,10th,North Carolina,State,R,"Armed Services|Science, Space, and Technology"
"Harris, Andy",https://harris.house.gov/,1st,Maryland,State,R,Appropriations
"Harris, Mark",https://markharris.house.gov/,8th,North Carolina,State,R,Agriculture|Education and Workforce|Judiciary
"Harshbarger, Diana",https://harshbarger.house.gov,1st,Tennessee,State,R,Energy and Commerce
"Hayes, Jahana",https://hayes.house.gov,5th,Connecticut,State,D,Agriculture|Education and Workforce
"Hern, Kevin",https://hern.house.gov,1st,Oklahoma,State,R,Ways and Means
"Hernandez, Pablo",https://hernandez.house.gov/,At-large,Puerto Rico Resident Commissioner,Unknown,D,Homeland Security|Natural Resources
"Higgins, Clay",https://clayhiggins.house.gov,3rd,Louisiana,State,R,"Armed Services|Oversight and Government Reform|Select Subcomm to Investigate Questions about Jan 6, 2021"
"Hill, J.",https://hill.house.gov/,2nd,Arkansas,State,R,Financial Services|Intelligence
"Himes, James",https://himes.house.gov/,4th,Connecticut,State,D,Financial Services|Intelligence
"Hinson, Ashley",https://hinson.house.gov,2nd,Iowa,State,R,Appropriations|Ethics|Select Comm on the Strategic Competition US and China
"Horsford, Steven",https://horsford.house.gov,4th,Nevada,State,D,Ways and Means
"Houchin, Erin",https://houchin.house.gov,9th,Indiana,State,R,Budget|Energy and Commerce|Rules
"Houlahan, Chrissy",https://houlahan.house.gov/,6th,Pennsylvania,State,D,Armed Services|Intelligence
"Hoyer, Steny",https://hoyer.house.gov/,5th,Maryland,State,D,Appropriations
"Hoyle, Val",https://hoyle.house.gov,4th,Oregon,State,D,Natural Resources|Transportation and Infrastructure
"Hudson, Richard",https://hudson.house.gov,9th,North Carolina,State,R,Energy and Commerce
"Huffman, Jared",https://huffman.house.gov,2nd,California,State,D,Natural Resources|Transportation and Infrastructure
"Huizenga, Bill",https://huizenga.house.gov/,4th,Michigan,State,R,Financial Services|Foreign Affairs
"Hunt, Wesley",https://hunt.house.gov,38th,Texas,State,R,Natural Resources|Judiciary
"Hurd, Jeff",https://hurd.house.gov/,3rd,Colorado,State,R,"Natural Resources|Transportation and Infrastructure|Science, Space, and Technology"
"Issa, Darrell",https://issa.house.gov,48th,California,State,R,"Foreign Affairs|Judiciary|Science, Space, and Technology"
"Ivey, Glenn",https://ivey.house.gov,4th,Maryland,State,D,Appropriations|Ethics
"Jack, Brian",https://jack.house.gov/,3rd,Georgia,State,R,Oversight and Government Reform|Rules|Small Business
"Jackson, Jonathan",https://jonathanjackson.house.gov,1st,Illinois,State,D,Agriculture|Foreign Affairs
"Jackson, Ronny",https://jackson.house.gov,13th,Texas,State,R,Agriculture|Armed Services|Foreign Affairs|Intelligence
"Jacobs, Sara",https://sarajacobs.house.gov,51st,California,State,D,Armed Services|Foreign Affairs
"James, John",https://james.house.gov,10th,Michigan,State,R,Energy and Commerce
"Jayapal, Pramila",https://jayapal.house.gov,7th,Washington,State,D,Budget|Foreign Affairs|Judiciary
"Jeffries, Hakeem",https://jeffries.house.gov,8th,New York,State,D,
"Johnson, Dusty",https://dustyjohnson.house.gov/,At-large,South Dakota At Large,Unknown,R,Agriculture|Transportation and Infrastructure|Select Comm on the Strategic Competition US and China
"Johnson, Henry",https://hankjohnson.house.gov/,4th,Georgia,State,D,Judiciary|Transportation and Infrastructure
"Johnson, Julie",https://juliejohnson.house.gov/,32nd,Texas,State,D,Foreign Affairs|House Administration|Homeland Security|Joint Committee of Congress on the Library
"Johnson, Mike",https://mikejohnson.house.gov,4th,Louisiana,State,R,
"Jordan, Jim",https://jordan.house.gov/,4th,Ohio,State,R,Oversight and Government Reform|Judiciary
"Joyce, David",https://joyce.house.gov,14th,Ohio,State,R,Appropriations
"Joyce, John",https://johnjoyce.house.gov/,13th,Pennsylvania,State,R,Energy and Commerce
"Kamlager-Dove, Sydney",https://kamlager-dove.house.gov,37th,California,State,D,Foreign Affairs|Judiciary
"Kaptur, Marcy",https://kaptur.house.gov/,9th,Ohio,State,D,Appropriations|Budget
"Kean, Thomas",https://kean.house.gov,7th,New Jersey,State,R,Foreign Affairs|Energy and Commerce
"Keating, William",https://keating.house.gov/,9th,Massachusetts,State,D,Armed Services|Foreign Affairs
"Kelly, Mike",https://kelly.house.gov,16th,Pennsylvania,State,R,Ways and Means
"Kelly, Robin",https://robinkelly.house.gov/,2nd,Illinois,State,D,Energy and Commerce
"Kelly, Trent",https://trentkelly.house.gov/,1st,Mississippi,State,R,Agriculture|Armed Services|Intelligence
"Kennedy, Mike",https://mikekennedy.house.gov/,3rd,Utah,State,R,"Natural Resources|Transportation and Infrastructure|Science, Space, and Technology"
"Kennedy, Timothy",https://kennedy.house.gov,26th,New York,State,D,Homeland Security|Veterans' Affairs
"Khanna, Ro",https://khanna.house.gov,17th,California,State,D,Armed Services|Oversight and Government Reform|Select Comm on the Strategic Competition US and China
"Kiggans, Jennifer",https://kiggans.house.gov,2nd,Virginia,State,R,Armed Services|Natural Resources|Veterans' Affairs
"Kiley, Kevin",https://kiley.house.gov,3rd,California,State,R,Education and Workforce|Judiciary|Transportation and Infrastructure
"Kim, Young",https://youngkim.house.gov,40th,California,State,R,Financial Services|Foreign Affairs|Select Comm on the Strategic Competition US and China
"King-Hinds, Kimberlyn",https://king-hinds.house.gov/,At-large,Northern Mariana Islands Delegate,Unknown,R,Transportation and Infrastructure|Small Business|Veterans' Affairs
"Knott, Brad",https://knott.house.gov/,13th,North Carolina,State,R,Homeland Security|Judiciary|Transportation and Infrastructure|Ethics
"Krishnamoorthi, Raja",https://krishnamoorthi.house.gov,8th,Illinois,State,D,Oversight and Government Reform|Intelligence|Select Comm on the Strategic Competition US and China
"Kustoff, David",https://kustoff.house.gov,8th,Tennessee,State,R,Ways and Means
"LaHood, Darin",https://lahood.house.gov/,16th,Illinois,State,R,Intelligence|Ways and Means|Select Comm on the Strategic Competition US and China
"LaLota, Nick",https://lalota.house.gov,1st,New York,State,R,Appropriations|Small Business
"LaMalfa, Doug",https://lamalfa.house.gov,1st,California,State,,
"Landsman, Greg",https://landsman.house.gov,1st,Ohio,State,D,Energy and Commerce
"Langworthy, Nicholas",https://langworthy.house.gov,23rd,New York,State,R,Oversight and Government Reform|Energy and Commerce|Rules
"Larsen, Rick",https://larsen.house.gov,2nd,Washington,State,D,Transportation and Infrastructure
"Larson, John",https://larson.house.gov/,1st,Connecticut,State,D,Ways and Means
"Latimer, George",https://latimer.house.gov/,16th,New York,State,D,Foreign Affairs|Small Business
"Latta, Robert",https://latta.house.gov/,5th,Ohio,State,R,Energy and Commerce
"Lawler, Michael",https://lawler.house.gov,17th,New York,State,R,Financial Services|Foreign Affairs
"Lee, Laurel",https://laurellee.house.gov,15th,Florida,State,R,House Administration|Energy and Commerce|Judiciary
"Lee, Summer",https://summerlee.house.gov,12th,Pennsylvania,State,D,Education and Workforce|Oversight and Government Reform
"Lee, Susie",https://susielee.house.gov,3rd,Nevada,State,D,Appropriations|Natural Resources
"Leger Fernandez, Teresa",https://fernandez.house.gov,3rd,New Mexico,State,D,Natural Resources|Rules
"Letlow, Julia",https://letlow.house.gov,5th,Louisiana,State,R,Appropriations|Education and Workforce
"Levin, Mike",https://levin.house.gov/,49th,California,State,D,Appropriations
"Liccardo, Sam",https://liccardo.house.gov/,16th,California,State,D,Financial Services
"Lieu, Ted",https://lieu.house.gov/,36th,California,State,D,Foreign Affairs|Judiciary
"Lofgren, Zoe",https://lofgren.house.gov/,18th,California,State,D,"Judiciary|Science, Space, and Technology"
"Loudermilk, Barry",https://loudermilk.house.gov,11th,Georgia,State,R,"Financial Services|House Administration|Select Subcomm to Investigate Questions about Jan 6, 2021"
"Lucas, Frank",https://lucas.house.gov,3rd,Oklahoma,State,R,Agriculture|Financial Services
"Luna, Anna Paulina",https://luna.house.gov,13th,Florida,State,R,Foreign Affairs|Oversight and Government Reform
"Luttrell, Morgan",https://luttrell.house.gov,8th,Texas,State,R,Armed Services|Homeland Security|Veterans' Affairs
"Lynch, Stephen",https://lynch.house.gov/,8th,Massachusetts,State,D,Financial Services|Oversight and Government Reform
"Mace, Nancy",https://mace.house.gov,1st,South Carolina,State,R,Armed Services|Oversight and Government Reform|Veterans' Affairs
"Mackenzie, Ryan",https://mackenzie.house.gov/,7th,Pennsylvania,State,R,Education and Workforce|Foreign Affairs|Homeland Security
"Magaziner, Seth",https://magaziner.house.gov,2nd,Rhode Island,State,D,Homeland Security|Natural Resources
"Malliotakis, Nicole",https://malliotakis.house.gov,11th,New York,State,R,Ways and Means
"Maloy, Celeste",https://maloy.house.gov,2nd,Utah,State,R,Appropriations|Natural Resources
"Mann, Tracey",https://mann.house.gov,1st,Kansas,State,R,Agriculture|Transportation and Infrastructure
"Mannion, John",https://mannion.house.gov/,22nd,New York,State,D,Agriculture|Education and Workforce
"Massie, Thomas",https://massie.house.gov,4th,Kentucky,State,R,Judiciary|Transportation and Infrastructure
"Mast, Brian",https://mast.house.gov,21st,Florida,State,R,Foreign Affairs|Transportation and Infrastructure
"Matsui, Doris",https://matsui.house.gov,7th,California,State,D,Energy and Commerce
"McBath, Lucy",https://mcbath.house.gov,6th,Georgia,State,D,Education and Workforce|Judiciary
"McBride, Sarah",https://mcbride.house.gov/,At-large,Delaware At Large,Unknown,D,"Foreign Affairs|Science, Space, and Technology"
"McCaul, Michael",https://mccaul.house.gov,10th,Texas,State,R,Foreign Affairs|Homeland Security
"McClain, Lisa",https://mcclain.house.gov,9th,Michigan,State,R,Financial Services|Education and Workforce
"McClain Delaney, April",https://mcclaindelaney.house.gov/,6th,Maryland,State,D,"Agriculture|Science, Space, and Technology"
"McClellan, Jennifer",https://mcclellan.house.gov/,4th,Virginia,State,D,Energy and Commerce
"McClintock, Tom",https://mcclintock.house.gov/,5th,California,State,R,Budget|Natural Resources|Judiciary
"McCollum, Betty",https://mccollum.house.gov,4th,Minnesota,State,D,Appropriations
"McCormick, Richard",https://mccormick.house.gov,7th,Georgia,State,R,"Armed Services|Foreign Affairs|Science, Space, and Technology"
"McDonald Rivet, Kristen",https://mcdonaldrivet.house.gov/,8th,Michigan,State,D,Agriculture|Transportation and Infrastructure
"McDowell, Addison",https://mcdowell.house.gov/,6th,North Carolina,State,R,Budget|Natural Resources|Transportation and Infrastructure
"McGarvey, Morgan",https://mcgarvey.house.gov,3rd,Kentucky,State,D,Budget|Small Business|Veterans' Affairs
"McGovern, James",https://mcgovern.house.gov/,2nd,Massachusetts,State,D,Agriculture|Rules
"McGuire, John",https://mcguire.house.gov/,5th,Virginia,State,R,Armed Services|Oversight and Government Reform
"McIver, LaMonica",https://mciver.house.gov/,10th,New Jersey,State,D,Homeland Security|Small Business
"Meeks, Gregory",https://meeks.house.gov,5th,New York,State,D,Financial Services|Foreign Affairs
"Menefee, Christian",http://menefee.house.gov/,18th,Texas,State,D,
"Menendez, Robert",https://menendez.house.gov,8th,New Jersey,State,D,Energy and Commerce
"Meng, Grace",https://meng.house.gov,6th,New York,State,D,Appropriations
"Messmer, Mark",https://messmer.house.gov/,8th,Indiana,State,R,Agriculture|Armed Services|Education and Workforce
"Meuser, Daniel",https://meuser.house.gov,9th,Pennsylvania,State,R,Financial Services|Small Business
"Mfume, Kweisi",https://mfume.house.gov/,7th,Maryland,State,D,Foreign Affairs|Oversight and Government Reform
"Miller, Carol",https://miller.house.gov/,1st,West Virginia,State,R,Ways and Means
"Miller, Mary",https://marymiller.house.gov,15th,Illinois,State,R,Agriculture|Education and Workforce|House Administration
"Miller, Max",https://maxmiller.house.gov,7th,Ohio,State,R,"Science, Space, and Technology|Ways and Means"
"Miller-Meeks, Mariannette",https://millermeeks.house.gov/,1st,Iowa,State,R,Energy and Commerce|Veterans' Affairs
"Mills, Cory",https://mills.house.gov,7th,Florida,State,R,Armed Services|Foreign Affairs
"Min, Dave",https://min.house.gov/,47th,California,State,D,Oversight and Government Reform|Natural Resources
"Moolenaar, John",https://moolenaar.house.gov/,2nd,Michigan,State,R,Appropriations|Select Comm on the Strategic Competition US and China
"Moore, Barry",https://barrymoore.house.gov,1st,Alabama,State,R,Agriculture|Judiciary
"Moore, Blake",https://blakemoore.house.gov,1st,Utah,State,R,Budget|Ways and Means
"Moore, Gwen",https://gwenmoore.house.gov,4th,Wisconsin,State,D,Ways and Means
"Moore, Riley",https://rileymoore.house.gov/,2nd,West Virginia,State,R,Appropriations
"Moore, Tim",https://timmoore.house.gov/,14th,North Carolina,State,R,Financial Services|Budget
"Moran, Nathaniel",https://moran.house.gov,1st,Texas,State,R,Ethics|Ways and Means|Select Comm on the Strategic Competition US and China
"Morelle, Joseph",https://morelle.house.gov,25th,New York,State,D,Appropriations|House Administration|Joint Committee of Congress on the Library
"Morrison, Kelly",https://morrison.house.gov/,3rd,Minnesota,State,D,Small Business|Veterans' Affairs
"Moskowitz, Jared",https://moskowitz.house.gov,23rd,Florida,State,D,"Foreign Affairs|Judiciary|Select Subcomm to Investigate Questions about Jan 6, 2021"
"Moulton, Seth",https://moulton.house.gov/,6th,Massachusetts,State,D,Armed Services|Transportation and Infrastructure|Select Comm on the Strategic Competition US and China
"Moylan, James",https://moylan.house.gov,At-large,Guam Delegate,Unknown,R,Armed Services|Education and Workforce|Foreign Affairs
"Mrvan, Frank",https://mrvan.house.gov,1st,Indiana,State,D,Appropriations
"Mullin, Kevin",https://kevinmullin.house.gov,15th,California,State,D,Energy and Commerce
"Murphy, Gregory",https://murphy.house.gov,3rd,North Carolina,State,R,House Administration|Veterans' Affairs|Ways and Means
"Nadler, Jerrold",https://nadler.house.gov,12th,New York,State,D,Judiciary|Transportation and Infrastructure
"Neal, Richard",https://neal.house.gov/,1st,Massachusetts,State,D,Joint Committee on Taxation|Ways and Means
"Neguse, Joe",https://neguse.house.gov/,2nd,Colorado,State,D,Natural Resources|Judiciary|Rules
"Nehls, Troy",https://nehls.house.gov,22nd,Texas,State,R,"Judiciary|Transportation and Infrastructure|Select Subcomm to Investigate Questions about Jan 6, 2021"
"Newhouse, Dan",https://newhouse.house.gov,4th,Washington,State,R,Agriculture|Appropriations|Select Comm on the Strategic Competition US and China
"Norcross, Donald",https://norcross.house.gov,1st,New Jersey,State,D,Armed Services|Education and Workforce
"Norman, Ralph",https://norman.house.gov,5th,South Carolina,State,R,Financial Services|Budget|Rules
"Norton, Eleanor",https://norton.house.gov/,At-large,District of Columbia Delegate,Unknown,D,Oversight and Government Reform|Transportation and Infrastructure
"Nunn, Zachary",https://nunn.house.gov,3rd,Iowa,State,R,Agriculture|Financial Services|Select Comm on the Strategic Competition US and China
"Obernolte, Jay",https://obernolte.house.gov,23rd,California,State,R,"Budget|Energy and Commerce|Science, Space, and Technology"
"Ocasio-Cortez, Alexandria",https://ocasio-cortez.house.gov/,14th,New York,State,D,Energy and Commerce
"Ogles, Andrew",https://ogles.house.gov,5th,Tennessee,State,R,Financial Services|Homeland Security
"Olszewski, Johnny",https://olszewski.house.gov/,2nd,Maryland,State,D,Foreign Affairs|Small Business
"Omar, Ilhan",https://omar.house.gov/,5th,Minnesota,State,D,Budget|Education and Workforce
"Onder, Robert",https://onder.house.gov/,3rd,Missouri,State,R,Education and Workforce|Judiciary|Transportation and Infrastructure
"Owens, Burgess",https://owens.house.gov,4th,Utah,State,R,Education and Workforce|Transportation and Infrastructure
"Pallone, Frank",https://pallone.house.gov,6th,New Jersey,State,D,Energy and Commerce
"Palmer, Gary",https://palmer.house.gov/,6th,Alabama,State,R,Oversight and Government Reform|Energy and Commerce
"Panetta, Jimmy",https://panetta.house.gov,19th,California,State,D,Budget|Ways and Means
"Pappas, Chris",https://pappas.house.gov,1st,New Hampshire,State,D,Transportation and Infrastructure|Veterans' Affairs
"Patronis, Jimmy",https://patronis.house.gov/,1st,Florida,State,R,Transportation and Infrastructure|Small Business
"Pelosi, Nancy",https://pelosi.house.gov/,11th,California,State,D,
"Perez, Marie",https://gluesenkampperez.house.gov,3rd,Washington,State,D,Appropriations
"Perry, Scott",https://perry.house.gov/,10th,Pennsylvania,State,R,Foreign Affairs|Oversight and Government Reform|Intelligence|Transportation and Infrastructure
"Peters, Scott",https://scottpeters.house.gov,50th,California,State,D,Budget|Energy and Commerce
"Pettersen, Brittany",https://pettersen.house.gov,7th,Colorado,State,D,Financial Services
"Pfluger, August",https://pfluger.house.gov,11th,Texas,State,R,Homeland Security|Energy and Commerce
"Pingree, Chellie",https://pingree.house.gov/,1st,Maine,State,D,Agriculture|Appropriations
"Plaskett, Stacey",https://plaskett.house.gov/,At-large,Virgin Islands Delegate,Unknown,D,Budget|Intelligence|Ways and Means
"Pocan, Mark",https://pocan.house.gov,2nd,Wisconsin,State,D,Appropriations
"Pou, Nellie",https://pou.house.gov/,9th,New Jersey,State,D,Homeland Security|Transportation and Infrastructure
"Pressley, Ayanna",https://pressley.house.gov,7th,Massachusetts,State,D,Financial Services|Oversight and Government Reform
"Quigley, Mike",https://quigley.house.gov/,5th,Illinois,State,D,Appropriations|Intelligence
"Radewagen, Aumua Amata",https://radewagen.house.gov,At-large,American Samoa Delegate,Unknown,R,Foreign Affairs|Natural Resources|Veterans' Affairs
"Ramirez, Delia",https://ramirez.house.gov,3rd,Illinois,State,D,Homeland Security|Veterans' Affairs
"Randall, Emily",https://randall.house.gov/,6th,Washington,State,D,Oversight and Government Reform|Natural Resources
"Raskin, Jamie",https://raskin.house.gov,8th,Maryland,State,D,Judiciary
"Reschenthaler, Guy",https://reschenthaler.house.gov/,14th,Pennsylvania,State,R,Appropriations
"Riley, Josh",https://riley.house.gov/,19th,New York,State,D,"Agriculture|Science, Space, and Technology"
"Rivas, Luz",https://rivas.house.gov/,29th,California,State,D,"Natural Resources|Science, Space, and Technology"
"Rogers, Harold",https://halrogers.house.gov/,5th,Kentucky,State,R,Appropriations
"Rogers, Mike",https://mikerogers.house.gov/,3rd,Alabama,State,R,Armed Services
"Rose, John",https://johnrose.house.gov/,6th,Tennessee,State,R,Agriculture|Financial Services
"Ross, Deborah",https://ross.house.gov,2nd,North Carolina,State,D,"Judiciary|Ethics|Science, Space, and Technology"
"Rouzer, David",https://rouzer.house.gov/,7th,North Carolina,State,R,"Agriculture|Transportation and Infrastructure|Science, Space, and Technology"
"Roy, Chip",https://roy.house.gov,21st,Texas,State,R,Budget|Judiciary|Rules
"Ruiz, Raul",https://ruiz.house.gov,25th,California,State,D,Energy and Commerce
"Rulli, Michael A.",https://rulli.house.gov,6th,Ohio,State,R,Education and Workforce|Energy and Commerce
"Rutherford, John",https://rutherford.house.gov,5th,Florida,State,R,Appropriations
"Ryan, Patrick",https://patryan.house.gov/,18th,New York,State,D,Armed Services|Transportation and Infrastructure
"Salazar, Maria",https://salazar.house.gov,27th,Florida,State,R,Financial Services|Foreign Affairs
"Salinas, Andrea",https://salinas.house.gov,6th,Oregon,State,D,"Agriculture|Science, Space, and Technology"
"Sanchez, Linda",https://lindasanchez.house.gov/,38th,California,State,D,Ways and Means
"Scalise, Steve",https://scalise.house.gov/,1st,Louisiana,State,R,
"Scanlon, Mary Gay",https://scanlon.house.gov/,5th,Pennsylvania,State,D,Judiciary|Rules
"Schakowsky, Janice",https://schakowsky.house.gov,9th,Illinois,State,D,Energy and Commerce
"Schmidt, Derek",https://schmidt.house.gov/,2nd,Kansas,State,R,Armed Services|Judiciary|Small Business
"Schneider, Bradley",https://schneider.house.gov,10th,Illinois,State,D,Foreign Affairs|Ways and Means
"Scholten, Hillary",https://scholten.house.gov,3rd,Michigan,State,D,Transportation and Infrastructure|Small Business
"Schrier, Kim",https://schrier.house.gov,8th,Washington,State,D,Energy and Commerce
"Schweikert, David",https://schweikert.house.gov/,1st,Arizona,State,R,Ways and Means
"Scott, Austin",https://austinscott.house.gov/,8th,Georgia,State,R,Agriculture|Armed Services|Intelligence|Rules
"Scott, David",https://davidscott.house.gov/,13th,Georgia,State,D,Agriculture|Financial Services
"Scott, Robert",https://bobbyscott.house.gov,3rd,Virginia,State,D,Budget|Education and Workforce
"Self, Keith",https://keithself.house.gov,3rd,Texas,State,R,"Foreign Affairs|Science, Space, and Technology|Veterans' Affairs"
"Sessions, Pete",https://sessions.house.gov,17th,Texas,State,R,Financial Services|Oversight and Government Reform
"Sewell, Terri",https://sewell.house.gov/,7th,Alabama,State,D,House Administration|Ways and Means
"Sherman, Brad",https://sherman.house.gov,32nd,California,State,D,Financial Services|Foreign Affairs
"Sherrill, Mikie",https://clerk.house.gov/members/NJ11/vacancy,11th,New Jersey,State,,
"Shreve, Jefferson",https://shreve.house.gov/,6th,Indiana,State,R,Foreign Affairs|Transportation and Infrastructure
"Simon, Lateefah",https://simon.house.gov/,12th,California,State,D,Oversight and Government Reform|Small Business
"Simpson, Michael",https://simpson.house.gov,2nd,Idaho,State,R,Appropriations
"Smith, Adam",https://adamsmith.house.gov/,9th,Washington,State,D,Armed Services
"Smith, Adrian",https://adriansmith.house.gov/,3rd,Nebraska,State,R,Joint Committee on Taxation|Ways and Means
"Smith, Christopher",https://chrissmith.house.gov/,4th,New Jersey,State,R,Foreign Affairs
"Smith, Jason",https://jasonsmith.house.gov,8th,Missouri,State,R,Joint Committee on Taxation|Ways and Means
"Smucker, Lloyd",https://smucker.house.gov/,11th,Pennsylvania,State,R,Budget|Ways and Means
"Sorensen, Eric",https://sorensen.house.gov,17th,Illinois,State,D,Agriculture|Armed Services
"Soto, Darren",https://soto.house.gov,9th,Florida,State,D,Energy and Commerce|Natural Resources
"Spartz, Victoria",https://spartz.house.gov,5th,Indiana,State,R,
"Stansbury, Melanie",https://stansbury.house.gov/,1st,New Mexico,State,D,Oversight and Government Reform|Natural Resources
"Stanton, Greg",https://stanton.house.gov/,4th,Arizona,State,D,Foreign Affairs|Transportation and Infrastructure|Select Comm on the Strategic Competition US and China
"Stauber, Pete",https://stauber.house.gov,8th,Minnesota,State,R,Natural Resources|Transportation and Infrastructure|Small Business
"Stefanik, Elise",https://stefanik.house.gov/,21st,New York,State,R,Armed Services|Education and Workforce|Intelligence
"Steil, Bryan",https://steil.house.gov,1st,Wisconsin,State,R,Financial Services|House Administration|Joint Committee of Congress on the Library
"Steube, W.",https://steube.house.gov/,17th,Florida,State,R,Intelligence|Ways and Means
"Stevens, Haley",https://stevens.house.gov/,11th,Michigan,State,D,"Education and Workforce|Science, Space, and Technology|Select Comm on the Strategic Competition US and China"
"Strickland, Marilyn",https://strickland.house.gov,10th,Washington,State,D,Armed Services|Transportation and Infrastructure
"Strong, Dale",https://strong.house.gov,5th,Alabama,State,R,Appropriations|Homeland Security
"Stutzman, Marlin",https://stutzman.house.gov/,3rd,Indiana,State,R,Financial Services|Budget
"Subramanyam, Suhas",https://subramanyam.house.gov/,10th,Virginia,State,D,"Oversight and Government Reform|Ethics|Science, Space, and Technology"
"Suozzi, Thomas R.",https://suozzi.house.gov,3rd,New York,State,D,Ways and Means
"Swalwell, Eric",https://swalwell.house.gov,14th,California,State,D,"Homeland Security|Judiciary|Select Subcomm to Investigate Questions about Jan 6, 2021"
"Sykes, Emilia",https://sykes.house.gov,13th,Ohio,State,D,"Transportation and Infrastructure|Science, Space, and Technology"
"Takano, Mark",https://takano.house.gov,39th,California,State,D,Education and Workforce|Veterans' Affairs
"Taylor, David",https://taylor.house.gov/,2nd,Ohio,State,R,Agriculture|Transportation and Infrastructure
"Tenney, Claudia",https://tenney.house.gov/,24th,New York,State,R,"Intelligence|Science, Space, and Technology|Ways and Means"
"Thanedar, Shri",https://thanedar.house.gov,13th,Michigan,State,D,Agriculture|Homeland Security
"Thompson, Bennie",https://benniethompson.house.gov/,2nd,Mississippi,State,D,Homeland Security
"Thompson, Glenn",https://thompson.house.gov,15th,Pennsylvania,State,R,Agriculture|Education and Workforce
"Thompson, Mike",https://mikethompson.house.gov/,4th,California,State,D,Ways and Means
"Tiffany, Thomas",https://tiffany.house.gov/,7th,Wisconsin,State,R,Natural Resources|Judiciary
"Timmons, William",https://timmons.house.gov/,4th,South Carolina,State,R,Financial Services|Oversight and Government Reform
"Titus, Dina",https://titus.house.gov/,1st,Nevada,State,D,Foreign Affairs|Transportation and Infrastructure
"Tlaib, Rashida",https://tlaib.house.gov/,12th,Michigan,State,D,Financial Services|Oversight and Government Reform
"Tokuda, Jill",https://tokuda.house.gov,2nd,Hawaii,State,D,Agriculture|Armed Services|Select Comm on the Strategic Competition US and China
"Tonko, Paul",https://tonko.house.gov/,20th,New York,State,D,Budget|Energy and Commerce
"Torres, Norma",https://torres.house.gov/,35th,California,State,D,Appropriations|House Administration
"Torres, Ritchie",https://ritchietorres.house.gov,15th,New York,State,D,Financial Services|Select Comm on the Strategic Competition US and China
"Trahan, Lori",https://trahan.house.gov,3rd,Massachusetts,State,D,Energy and Commerce
"Tran, Derek",https://tran.house.gov/,45th,California,State,D,Armed Services|Small Business
"Turner, Michael",https://turner.house.gov/,10th,Ohio,State,R,Armed Services|Oversight and Government Reform
"Underwood, Lauren",https://underwood.house.gov/,14th,Illinois,State,D,Appropriations
"Valadao, David",https://valadao.house.gov,22nd,California,State,R,Appropriations|Joint Committee of Congress on the Library
"Van Drew, Jefferson",https://vandrew.house.gov,2nd,New Jersey,State,R,Judiciary|Transportation and Infrastructure
"Van Duyne, Beth",https://vanduyne.house.gov,24th,Texas,State,R,Small Business|Ways and Means
"Van Epps, Matt",https://vanepps.house.gov/,7th,Tennessee,State,R,"Homeland Security|Science, Space, and Technology"
"Van Orden, Derrick",https://vanorden.house.gov,3rd,Wisconsin,State,R,Agriculture|Armed Services|Veterans' Affairs
"Vargas, Juan",https://vargas.house.gov,52nd,California,State,D,Financial Services
"Vasquez, Gabe",https://vasquez.house.gov,2nd,New Mexico,State,D,Agriculture|Armed Services
"Veasey, Marc",https://veasey.house.gov,33rd,Texas,State,D,Energy and Commerce
"Velazquez, Nydia",https://velazquez.house.gov,7th,New York,State,D,Financial Services|Small Business
"Vindman, Eugene",https://vindman.house.gov/,7th,Virginia,State,D,Agriculture|Armed Services
"Wagner, Ann",https://wagner.house.gov,2nd,Missouri,State,R,Financial Services|Intelligence
"Walberg, Tim",https://walberg.house.gov/,5th,Michigan,State,R,Education and Workforce|Natural Resources
"Walkinshaw, James",https://walkinshaw.house.gov/,11th,Virginia,State,D,Oversight and Government Reform|Homeland Security
"Wasserman Schultz, Debbie",https://wassermanschultz.house.gov/,25th,Florida,State,D,Appropriations
"Waters, Maxine",https://waters.house.gov,43rd,California,State,D,Financial Services
"Watson Coleman, Bonnie",https://watsoncoleman.house.gov/,12th,New Jersey,State,D,Appropriations|Budget
"Weber, Randy",https://weber.house.gov,14th,Texas,State,R,"Energy and Commerce|Science, Space, and Technology"
"Webster, Daniel",https://webster.house.gov/,11th,Florida,State,R,"Natural Resources|Transportation and Infrastructure|Science, Space, and Technology"
"Westerman, Bruce",https://westerman.house.gov/,4th,Arkansas,State,R,Natural Resources|Transportation and Infrastructure
"Whitesides, George",https://whitesides.house.gov/,27th,California,State,D,"Armed Services|Science, Space, and Technology"
"Wied, Tony",https://wied.house.gov/,8th,Wisconsin,State,R,Agriculture|Transportation and Infrastructure|Small Business
"Williams, Nikema",https://nikemawilliams.house.gov,5th,Georgia,State,D,Financial Services
"Williams, Roger",https://williams.house.gov,25th,Texas,State,R,Financial Services|Small Business
"Wilson, Frederica",https://wilson.house.gov/,24th,Florida,State,D,Education and Workforce|Transportation and Infrastructure
"Wilson, Joe",https://joewilson.house.gov/,2nd,South Carolina,State,R,Armed Services|Education and Workforce|Foreign Affairs
"Wittman, Robert",https://wittman.house.gov/,1st,Virginia,State,R,Armed Services|Natural Resources|Select Comm on the Strategic Competition US and China
"Womack, Steve",https://womack.house.gov/,3rd,Arkansas,State,R,Appropriations
"Yakym, Rudy",https://yakym.house.gov,2nd,Indiana,State,R,Ways and Means
"Zinke, Ryan",https://zinke.house.gov,1st,Montana,State,R,Appropriations|Foreign Affairs
